mapName,dateTime,date,time,weekday,price,tradeCount,timeUnit
미나르숲:망가진 용의 둥지,2025-12-25 01:00:00,2025-12-25,01:00,목,11870573.0,6.0,HOURLY
미나르숲:망가진 용의 둥지,2025-12-25 02:00:00,2025-12-25,02:00,목,32900000.0,11.0,HOURLY
미나르숲:망가진 용의 둥지,2025-12-25 03:00:00,2025-12-25,03:00,목,25150200.0,11.0,HOURLY
미나르숲:망가진 용의 둥지,2025-12-25 04:00:00,2025-12-25,04:00,목,32333332.0,10.0,HOURLY
미나르숲:망가진 용의 둥지,2025-12-25 05:00:00,2025-12-25,05:00,목,14633556.0,10.0,HOURLY
미나르숲:망가진 용의 둥지,2025-12-25 06:00:00,2025-12-25,06:00,목,40000000.0,1.0,HOURLY
미나르숲:망가진 용의 둥지,2025-12-25 07:00:00,2025-12-25,07:00,목,16639320.0,8.0,HOURLY
미나르숲:망가진 용의 둥지,2025-12-25 08:00:00,2025-12-25,08:00,목,29835166.0,6.0,HOURLY
미나르숲:망가진 용의 둥지,2025-12-25 09:00:00,2025-12-25,09:00,목,17424712.0,5.0,HOURLY
미나르숲:망가진 용의 둥지,2025-12-25 10:00:00,2025-12-25,10:00,목,42142857.0,9.0,HOURLY
미나르숲:망가진 용의 둥지,2025-12-25 11:00:00,2025-12-25,11:00,목,29723544.0,10.0,HOURLY
미나르숲:망가진 용의 둥지,2025-12-25 12:00:00,2025-12-25,12:00,목,37250000.0,6.0,HOURLY
미나르숲:망가진 용의 둥지,2025-12-25 13:00:00,2025-12-25,13:00,목,18743302.0,7.0,HOURLY
미나르숲:망가진 용의 둥지,2025-12-25 14:00:00,2025-12-25,14:00,목,44888888.0,10.0,HOURLY
미나르숲:망가진 용의 둥지,2025-12-25 15:00:00,2025-12-25,15:00,목,43000000.0,9.0,HOURLY
미나르숲:망가진 용의 둥지,2025-12-25 16:00:00,2025-12-25,16:00,목,41833333.0,7.0,HOURLY
미나르숲:망가진 용의 둥지,2025-12-25 17:00:00,2025-12-25,17:00,목,43333333.0,8.0,HOURLY
미나르숲:망가진 용의 둥지,2025-12-25 18:00:00,2025-12-25,18:00,목,42500000.0,4.0,HOURLY
미나르숲:망가진 용의 둥지,2025-12-25 19:00:00,2025-12-25,19:00,목,33749999.0,8.0,HOURLY
미나르숲:망가진 용의 둥지,2025-12-25 20:00:00,2025-12-25,20:00,목,24339506.0,18.0,HOURLY
미나르숲:망가진 용의 둥지,2025-12-25 21:00:00,2025-12-25,21:00,목,21042602.0,12.0,HOURLY
미나르숲:망가진 용의 둥지,2025-12-25 22:00:00,2025-12-25,22:00,목,16223052.0,11.0,HOURLY
미나르숲:망가진 용의 둥지,2025-12-25 23:00:00,2025-12-25,23:00,목,24293121.0,12.0,HOURLY
미나르숲:망가진 용의 둥지,2025-12-25T01:00:00,2025-12-25,01:00,목,11870573.0,6.0,HOURLY
미나르숲:망가진 용의 둥지,2025-12-25T02:00:00,2025-12-25,02:00,목,32900000.0,11.0,HOURLY
미나르숲:망가진 용의 둥지,2025-12-25T03:00:00,2025-12-25,03:00,목,25150200.0,11.0,HOURLY
미나르숲:망가진 용의 둥지,2025-12-25T04:00:00,2025-12-25,04:00,목,32333332.0,10.0,HOURLY
미나르숲:망가진 용의 둥지,2025-12-25T05:00:00,2025-12-25,05:00,목,14633556.0,10.0,HOURLY
미나르숲:망가진 용의 둥지,2025-12-25T06:00:00,2025-12-25,06:00,목,40000000.0,1.0,HOURLY
미나르숲:망가진 용의 둥지,2025-12-25T07:00:00,2025-12-25,07:00,목,16639320.0,8.0,HOURLY
미나르숲:망가진 용의 둥지,2025-12-25T08:00:00,2025-12-25,08:00,목,29835166.0,6.0,HOURLY
미나르숲:망가진 용의 둥지,2025-12-25T09:00:00,2025-12-25,09:00,목,17424712.0,5.0,HOURLY
미나르숲:망가진 용의 둥지,2025-12-25T10:00:00,2025-12-25,10:00,목,42142857.0,9.0,HOURLY
미나르숲:망가진 용의 둥지,2025-12-25T11:00:00,2025-12-25,11:00,목,29723544.0,10.0,HOURLY
미나르숲:망가진 용의 둥지,2025-12-25T12:00:00,2025-12-25,12:00,목,37250000.0,6.0,HOURLY
미나르숲:망가진 용의 둥지,2025-12-25T13:00:00,2025-12-25,13:00,목,18743302.0,7.0,HOURLY
미나르숲:망가진 용의 둥지,2025-12-25T14:00:00,2025-12-25,14:00,목,44888888.0,10.0,HOURLY
미나르숲:망가진 용의 둥지,2025-12-25T15:00:00,2025-12-25,15:00,목,43000000.0,9.0,HOURLY
미나르숲:망가진 용의 둥지,2025-12-25T16:00:00,2025-12-25,16:00,목,41833333.0,7.0,HOURLY
미나르숲:망가진 용의 둥지,2025-12-25T17:00:00,2025-12-25,17:00,목,43333333.0,8.0,HOURLY
미나르숲:망가진 용의 둥지,2025-12-25T18:00:00,2025-12-25,18:00,목,42500000.0,4.0,HOURLY
미나르숲:망가진 용의 둥지,2025-12-25T19:00:00,2025-12-25,19:00,목,33749999.0,8.0,HOURLY
미나르숲:망가진 용의 둥지,2025-12-25T20:00:00,2025-12-25,20:00,목,24339506.0,18.0,HOURLY
미나르숲:망가진 용의 둥지,2025-12-25T21:00:00,2025-12-25,21:00,목,21042602.0,12.0,HOURLY
미나르숲:망가진 용의 둥지,2025-12-25T22:00:00,2025-12-25,22:00,목,16223052.0,11.0,HOURLY
미나르숲:망가진 용의 둥지,2025-12-25T23:00:00,2025-12-25,23:00,목,24293121.0,12.0,HOURLY
미나르숲:망가진 용의 둥지,2025-12-26 00:00:00,2025-12-26,00:00,금,22001234.0,9.0,HOURLY
미나르숲:망가진 용의 둥지,2025-12-26 01:00:00,2025-12-26,01:00,금,14868079.0,17.0,HOURLY
미나르숲:망가진 용의 둥지,2025-12-26 02:00:00,2025-12-26,02:00,금,23800000.0,6.0,HOURLY
미나르숲:망가진 용의 둥지,2025-12-26 03:00:00,2025-12-26,03:00,금,16571572.0,7.0,HOURLY
미나르숲:망가진 용의 둥지,2025-12-26 04:00:00,2025-12-26,04:00,금,16000423.0,5.0,HOURLY
미나르숲:망가진 용의 둥지,2025-12-26 05:00:00,2025-12-26,05:00,금,28000000.0,1.0,HOURLY
미나르숲:망가진 용의 둥지,2025-12-26 06:00:00,2025-12-26,06:00,금,36250000.0,7.0,HOURLY
미나르숲:망가진 용의 둥지,2025-12-26 07:00:00,2025-12-26,07:00,금,40000000.0,5.0,HOURLY
미나르숲:망가진 용의 둥지,2025-12-26 08:00:00,2025-12-26,08:00,금,17144688.0,7.0,HOURLY
미나르숲:망가진 용의 둥지,2025-12-26 09:00:00,2025-12-26,09:00,금,18162845.0,13.0,HOURLY
미나르숲:망가진 용의 둥지,2025-12-26 10:00:00,2025-12-26,10:00,금,28469135.0,6.0,HOURLY
미나르숲:망가진 용의 둥지,2025-12-26 11:00:00,2025-12-26,11:00,금,18374889.0,3.0,HOURLY
미나르숲:망가진 용의 둥지,2025-12-26 12:00:00,2025-12-26,12:00,금,60374999.0,11.0,HOURLY
미나르숲:망가진 용의 둥지,2025-12-26 13:00:00,2025-12-26,13:00,금,38125250.0,8.0,HOURLY
미나르숲:망가진 용의 둥지,2025-12-26 14:00:00,2025-12-26,14:00,금,49730158.0,8.0,HOURLY
미나르숲:망가진 용의 둥지,2025-12-26 15:00:00,2025-12-26,15:00,금,58555555.0,10.0,HOURLY
미나르숲:망가진 용의 둥지,2025-12-26 16:00:00,2025-12-26,16:00,금,52333333.0,7.0,HOURLY
미나르숲:망가진 용의 둥지,2025-12-26 17:00:00,2025-12-26,17:00,금,50000000.0,5.0,HOURLY
미나르숲:망가진 용의 둥지,2025-12-26 18:00:00,2025-12-26,18:00,금,25067064.0,9.0,HOURLY
미나르숲:망가진 용의 둥지,2025-12-26 19:00:00,2025-12-26,19:00,금,28113888.0,9.0,HOURLY
미나르숲:망가진 용의 둥지,2025-12-26 20:00:00,2025-12-26,20:00,금,34045747.0,11.0,HOURLY
미나르숲:망가진 용의 둥지,2025-12-26 21:00:00,2025-12-26,21:00,금,58000000.0,2.0,HOURLY
미나르숲:망가진 용의 둥지,2025-12-26 22:00:00,2025-12-26,22:00,금,53428571.0,10.0,HOURLY
미나르숲:망가진 용의 둥지,2025-12-26 23:00:00,2025-12-26,23:00,금,31934573.0,9.0,HOURLY
미나르숲:망가진 용의 둥지,2025-12-26T00:00:00,2025-12-26,00:00,금,22001234.0,9.0,HOURLY
미나르숲:망가진 용의 둥지,2025-12-26T01:00:00,2025-12-26,01:00,금,14868079.0,17.0,HOURLY
미나르숲:망가진 용의 둥지,2025-12-26T02:00:00,2025-12-26,02:00,금,23800000.0,6.0,HOURLY
미나르숲:망가진 용의 둥지,2025-12-26T03:00:00,2025-12-26,03:00,금,16571572.0,7.0,HOURLY
미나르숲:망가진 용의 둥지,2025-12-26T04:00:00,2025-12-26,04:00,금,16000423.0,5.0,HOURLY
미나르숲:망가진 용의 둥지,2025-12-26T05:00:00,2025-12-26,05:00,금,28000000.0,1.0,HOURLY
미나르숲:망가진 용의 둥지,2025-12-26T06:00:00,2025-12-26,06:00,금,36250000.0,7.0,HOURLY
미나르숲:망가진 용의 둥지,2025-12-26T07:00:00,2025-12-26,07:00,금,40000000.0,5.0,HOURLY
미나르숲:망가진 용의 둥지,2025-12-26T08:00:00,2025-12-26,08:00,금,17144688.0,7.0,HOURLY
미나르숲:망가진 용의 둥지,2025-12-26T09:00:00,2025-12-26,09:00,금,18162845.0,13.0,HOURLY
미나르숲:망가진 용의 둥지,2025-12-26T10:00:00,2025-12-26,10:00,금,28469135.0,6.0,HOURLY
미나르숲:망가진 용의 둥지,2025-12-26T11:00:00,2025-12-26,11:00,금,18374889.0,3.0,HOURLY
미나르숲:망가진 용의 둥지,2025-12-26T12:00:00,2025-12-26,12:00,금,60374999.0,11.0,HOURLY
미나르숲:망가진 용의 둥지,2025-12-26T13:00:00,2025-12-26,13:00,금,38125250.0,8.0,HOURLY
미나르숲:망가진 용의 둥지,2025-12-26T14:00:00,2025-12-26,14:00,금,49730158.0,8.0,HOURLY
미나르숲:망가진 용의 둥지,2025-12-26T15:00:00,2025-12-26,15:00,금,58555555.0,10.0,HOURLY
미나르숲:망가진 용의 둥지,2025-12-26T16:00:00,2025-12-26,16:00,금,52333333.0,7.0,HOURLY
미나르숲:망가진 용의 둥지,2025-12-26T17:00:00,2025-12-26,17:00,금,50000000.0,5.0,HOURLY
미나르숲:망가진 용의 둥지,2025-12-26T18:00:00,2025-12-26,18:00,금,25067064.0,9.0,HOURLY
미나르숲:망가진 용의 둥지,2025-12-26T19:00:00,2025-12-26,19:00,금,28113888.0,9.0,HOURLY
미나르숲:망가진 용의 둥지,2025-12-26T20:00:00,2025-12-26,20:00,금,34045747.0,11.0,HOURLY
미나르숲:망가진 용의 둥지,2025-12-26T21:00:00,2025-12-26,21:00,금,58000000.0,2.0,HOURLY
미나르숲:망가진 용의 둥지,2025-12-26T22:00:00,2025-12-26,22:00,금,53428571.0,10.0,HOURLY
미나르숲:망가진 용의 둥지,2025-12-26T23:00:00,2025-12-26,23:00,금,31934573.0,9.0,HOURLY
미나르숲:망가진 용의 둥지,2025-12-27 00:00:00,2025-12-27,00:00,토,25012433.0,10.0,HOURLY
미나르숲:망가진 용의 둥지,2025-12-27 01:00:00,2025-12-27,01:00,토,55750000.0,7.0,HOURLY
미나르숲:망가진 용의 둥지,2025-12-27 02:00:00,2025-12-27,02:00,토,36078189.0,3.0,HOURLY
미나르숲:망가진 용의 둥지,2025-12-27 03:00:00,2025-12-27,03:00,토,21546657.0,11.0,HOURLY
미나르숲:망가진 용의 둥지,2025-12-27 04:00:00,2025-12-27,04:00,토,16001667.0,9.0,HOURLY
미나르숲:망가진 용의 둥지,2025-12-27 05:00:00,2025-12-27,05:00,토,26446031.0,7.0,HOURLY
미나르숲:망가진 용의 둥지,2025-12-27 06:00:00,2025-12-27,06:00,토,33822222.0,5.0,HOURLY
미나르숲:망가진 용의 둥지,2025-12-27 07:00:00,2025-12-27,07:00,토,28558558.0,4.0,HOURLY
미나르숲:망가진 용의 둥지,2025-12-27 08:00:00,2025-12-27,08:00,토,58000000.0,7.0,HOURLY
미나르숲:망가진 용의 둥지,2025-12-27 09:00:00,2025-12-27,09:00,토,65833333.0,8.0,HOURLY
미나르숲:망가진 용의 둥지,2025-12-27 10:00:00,2025-12-27,10:00,토,63200000.0,7.0,HOURLY
미나르숲:망가진 용의 둥지,2025-12-27 11:00:00,2025-12-27,11:00,토,53916851.0,6.0,HOURLY
미나르숲:망가진 용의 둥지,2025-12-27 12:00:00,2025-12-27,12:00,토,49852018.0,6.0,HOURLY
미나르숲:망가진 용의 둥지,2025-12-27 13:00:00,2025-12-27,13:00,토,40718741.0,15.0,HOURLY
미나르숲:망가진 용의 둥지,2025-12-27 14:00:00,2025-12-27,14:00,토,73166666.0,6.0,HOURLY
미나르숲:망가진 용의 둥지,2025-12-27 15:00:00,2025-12-27,15:00,토,64333333.0,4.0,HOURLY
미나르숲:망가진 용의 둥지,2025-12-27 16:00:00,2025-12-27,16:00,토,62714285.0,7.0,HOURLY
미나르숲:망가진 용의 둥지,2025-12-27 17:00:00,2025-12-27,17:00,토,54666666.0,7.0,HOURLY
미나르숲:망가진 용의 둥지,2025-12-27 18:00:00,2025-12-27,18:00,토,49272727.0,14.0,HOURLY
미나르숲:망가진 용의 둥지,2025-12-27 19:00:00,2025-12-27,19:00,토,22555925.0,10.0,HOURLY
미나르숲:망가진 용의 둥지,2025-12-27 20:00:00,2025-12-27,20:00,토,21763903.0,8.0,HOURLY
미나르숲:망가진 용의 둥지,2025-12-27 21:00:00,2025-12-27,21:00,토,41500000.0,7.0,HOURLY
미나르숲:망가진 용의 둥지,2025-12-27 22:00:00,2025-12-27,22:00,토,43500000.0,10.0,HOURLY
미나르숲:망가진 용의 둥지,2025-12-27 23:00:00,2025-12-27,23:00,토,35888888.0,10.0,HOURLY
미나르숲:망가진 용의 둥지,2025-12-27T00:00:00,2025-12-27,00:00,토,25012433.0,10.0,HOURLY
미나르숲:망가진 용의 둥지,2025-12-27T01:00:00,2025-12-27,01:00,토,55750000.0,7.0,HOURLY
미나르숲:망가진 용의 둥지,2025-12-27T02:00:00,2025-12-27,02:00,토,36078189.0,3.0,HOURLY
미나르숲:망가진 용의 둥지,2025-12-27T03:00:00,2025-12-27,03:00,토,21546657.0,11.0,HOURLY
미나르숲:망가진 용의 둥지,2025-12-27T04:00:00,2025-12-27,04:00,토,16001667.0,9.0,HOURLY
미나르숲:망가진 용의 둥지,2025-12-27T05:00:00,2025-12-27,05:00,토,26446031.0,7.0,HOURLY
미나르숲:망가진 용의 둥지,2025-12-27T06:00:00,2025-12-27,06:00,토,33822222.0,5.0,HOURLY
미나르숲:망가진 용의 둥지,2025-12-27T07:00:00,2025-12-27,07:00,토,28558558.0,4.0,HOURLY
미나르숲:망가진 용의 둥지,2025-12-27T08:00:00,2025-12-27,08:00,토,58000000.0,7.0,HOURLY
미나르숲:망가진 용의 둥지,2025-12-27T09:00:00,2025-12-27,09:00,토,65833333.0,8.0,HOURLY
미나르숲:망가진 용의 둥지,2025-12-27T10:00:00,2025-12-27,10:00,토,63200000.0,7.0,HOURLY
미나르숲:망가진 용의 둥지,2025-12-27T11:00:00,2025-12-27,11:00,토,53916851.0,6.0,HOURLY
미나르숲:망가진 용의 둥지,2025-12-27T12:00:00,2025-12-27,12:00,토,49852018.0,6.0,HOURLY
미나르숲:망가진 용의 둥지,2025-12-27T13:00:00,2025-12-27,13:00,토,40718741.0,15.0,HOURLY
미나르숲:망가진 용의 둥지,2025-12-27T14:00:00,2025-12-27,14:00,토,73166666.0,6.0,HOURLY
미나르숲:망가진 용의 둥지,2025-12-27T15:00:00,2025-12-27,15:00,토,64333333.0,4.0,HOURLY
미나르숲:망가진 용의 둥지,2025-12-27T16:00:00,2025-12-27,16:00,토,62714285.0,7.0,HOURLY
미나르숲:망가진 용의 둥지,2025-12-27T17:00:00,2025-12-27,17:00,토,54666666.0,7.0,HOURLY
미나르숲:망가진 용의 둥지,2025-12-27T18:00:00,2025-12-27,18:00,토,49272727.0,14.0,HOURLY
미나르숲:망가진 용의 둥지,2025-12-27T19:00:00,2025-12-27,19:00,토,22555925.0,10.0,HOURLY
미나르숲:망가진 용의 둥지,2025-12-27T20:00:00,2025-12-27,20:00,토,21763903.0,8.0,HOURLY
미나르숲:망가진 용의 둥지,2025-12-27T21:00:00,2025-12-27,21:00,토,41500000.0,7.0,HOURLY
미나르숲:망가진 용의 둥지,2025-12-27T22:00:00,2025-12-27,22:00,토,43500000.0,10.0,HOURLY
미나르숲:망가진 용의 둥지,2025-12-27T23:00:00,2025-12-27,23:00,토,35888888.0,10.0,HOURLY
미나르숲:망가진 용의 둥지,2025-12-28 00:00:00,2025-12-28,00:00,일,15650544.0,10.0,HOURLY
미나르숲:망가진 용의 둥지,2025-12-28 01:00:00,2025-12-28,01:00,일,37428571.0,12.0,HOURLY
미나르숲:망가진 용의 둥지,2025-12-28 02:00:00,2025-12-28,02:00,일,21000246.0,6.0,HOURLY
미나르숲:망가진 용의 둥지,2025-12-28 03:00:00,2025-12-28,03:00,일,20539331.0,13.0,HOURLY
미나르숲:망가진 용의 둥지,2025-12-28 04:00:00,2025-12-28,04:00,일,26822333.0,10.0,HOURLY
미나르숲:망가진 용의 둥지,2025-12-28 05:00:00,2025-12-28,05:00,일,34666666.0,4.0,HOURLY
미나르숲:망가진 용의 둥지,2025-12-28 06:00:00,2025-12-28,06:00,일,32844444.0,6.0,HOURLY
미나르숲:망가진 용의 둥지,2025-12-28 07:00:00,2025-12-28,07:00,일,36335000.0,6.0,HOURLY
미나르숲:망가진 용의 둥지,2025-12-28 08:00:00,2025-12-28,08:00,일,26224444.0,5.0,HOURLY
미나르숲:망가진 용의 둥지,2025-12-28 09:00:00,2025-12-28,09:00,일,20002976.0,9.0,HOURLY
미나르숲:망가진 용의 둥지,2025-12-28 10:00:00,2025-12-28,10:00,일,47444444.0,12.0,HOURLY
미나르숲:망가진 용의 둥지,2025-12-28 11:00:00,2025-12-28,11:00,일,41571428.0,8.0,HOURLY
미나르숲:망가진 용의 둥지,2025-12-28 12:00:00,2025-12-28,12:00,일,41333333.0,3.0,HOURLY
미나르숲:망가진 용의 둥지,2025-12-28 13:00:00,2025-12-28,13:00,일,37692307.0,15.0,HOURLY
미나르숲:망가진 용의 둥지,2025-12-28 14:00:00,2025-12-28,14:00,일,41142857.0,10.0,HOURLY
미나르숲:망가진 용의 둥지,2025-12-28 15:00:00,2025-12-28,15:00,일,42500000.0,11.0,HOURLY
미나르숲:망가진 용의 둥지,2025-12-28 16:00:00,2025-12-28,16:00,일,44846153.0,14.0,HOURLY
미나르숲:망가진 용의 둥지,2025-12-28 17:00:00,2025-12-28,17:00,일,39461538.0,15.0,HOURLY
미나르숲:망가진 용의 둥지,2025-12-28 18:00:00,2025-12-28,18:00,일,34000000.0,11.0,HOURLY
미나르숲:망가진 용의 둥지,2025-12-28 19:00:00,2025-12-28,19:00,일,21801111.0,10.0,HOURLY
미나르숲:망가진 용의 둥지,2025-12-28 20:00:00,2025-12-28,20:00,일,21001111.0,11.0,HOURLY
미나르숲:망가진 용의 둥지,2025-12-28 21:00:00,2025-12-28,21:00,일,14456913.0,10.0,HOURLY
미나르숲:망가진 용의 둥지,2025-12-28 22:00:00,2025-12-28,22:00,일,19624999.0,15.0,HOURLY
미나르숲:망가진 용의 둥지,2025-12-28 23:00:00,2025-12-28,23:00,일,13470031.0,20.0,HOURLY
미나르숲:망가진 용의 둥지,2025-12-28T00:00:00,2025-12-28,00:00,일,15650544.0,10.0,HOURLY
미나르숲:망가진 용의 둥지,2025-12-28T01:00:00,2025-12-28,01:00,일,37428571.0,12.0,HOURLY
미나르숲:망가진 용의 둥지,2025-12-28T02:00:00,2025-12-28,02:00,일,21000246.0,6.0,HOURLY
미나르숲:망가진 용의 둥지,2025-12-28T03:00:00,2025-12-28,03:00,일,20539331.0,13.0,HOURLY
미나르숲:망가진 용의 둥지,2025-12-28T04:00:00,2025-12-28,04:00,일,26822333.0,10.0,HOURLY
미나르숲:망가진 용의 둥지,2025-12-28T05:00:00,2025-12-28,05:00,일,34666666.0,4.0,HOURLY
미나르숲:망가진 용의 둥지,2025-12-28T06:00:00,2025-12-28,06:00,일,32844444.0,6.0,HOURLY
미나르숲:망가진 용의 둥지,2025-12-28T07:00:00,2025-12-28,07:00,일,36335000.0,6.0,HOURLY
미나르숲:망가진 용의 둥지,2025-12-28T08:00:00,2025-12-28,08:00,일,26224444.0,5.0,HOURLY
미나르숲:망가진 용의 둥지,2025-12-28T09:00:00,2025-12-28,09:00,일,20002976.0,9.0,HOURLY
미나르숲:망가진 용의 둥지,2025-12-28T10:00:00,2025-12-28,10:00,일,47444444.0,12.0,HOURLY
미나르숲:망가진 용의 둥지,2025-12-28T11:00:00,2025-12-28,11:00,일,41571428.0,8.0,HOURLY
미나르숲:망가진 용의 둥지,2025-12-28T12:00:00,2025-12-28,12:00,일,41333333.0,3.0,HOURLY
미나르숲:망가진 용의 둥지,2025-12-28T13:00:00,2025-12-28,13:00,일,37692307.0,15.0,HOURLY
미나르숲:망가진 용의 둥지,2025-12-28T14:00:00,2025-12-28,14:00,일,41142857.0,10.0,HOURLY
미나르숲:망가진 용의 둥지,2025-12-28T15:00:00,2025-12-28,15:00,일,42500000.0,11.0,HOURLY
미나르숲:망가진 용의 둥지,2025-12-28T16:00:00,2025-12-28,16:00,일,44846153.0,14.0,HOURLY
미나르숲:망가진 용의 둥지,2025-12-28T17:00:00,2025-12-28,17:00,일,39461538.0,15.0,HOURLY
미나르숲:망가진 용의 둥지,2025-12-28T18:00:00,2025-12-28,18:00,일,34000000.0,11.0,HOURLY
미나르숲:망가진 용의 둥지,2025-12-28T19:00:00,2025-12-28,19:00,일,21801111.0,10.0,HOURLY
미나르숲:망가진 용의 둥지,2025-12-28T20:00:00,2025-12-28,20:00,일,21001111.0,11.0,HOURLY
미나르숲:망가진 용의 둥지,2025-12-28T21:00:00,2025-12-28,21:00,일,14456913.0,10.0,HOURLY
미나르숲:망가진 용의 둥지,2025-12-28T22:00:00,2025-12-28,22:00,일,19624999.0,15.0,HOURLY
미나르숲:망가진 용의 둥지,2025-12-28T23:00:00,2025-12-28,23:00,일,13470031.0,20.0,HOURLY
미나르숲:망가진 용의 둥지,2025-12-29 00:00:00,2025-12-29,00:00,월,17750000.0,19.0,HOURLY
미나르숲:망가진 용의 둥지,2025-12-29 01:00:00,2025-12-29,01:00,월,10193362.0,15.0,HOURLY
미나르숲:망가진 용의 둥지,2025-12-29 02:00:00,2025-12-29,02:00,월,6100112.0,13.0,HOURLY
미나르숲:망가진 용의 둥지,2025-12-29 03:00:00,2025-12-29,03:00,월,10249999.0,10.0,HOURLY
미나르숲:망가진 용의 둥지,2025-12-29 04:00:00,2025-12-29,04:00,월,7376416.0,8.0,HOURLY
미나르숲:망가진 용의 둥지,2025-12-29 05:00:00,2025-12-29,05:00,월,13999999.0,8.0,HOURLY
미나르숲:망가진 용의 둥지,2025-12-29 06:00:00,2025-12-29,06:00,월,9858746.0,7.0,HOURLY
미나르숲:망가진 용의 둥지,2025-12-29 07:00:00,2025-12-29,07:00,월,14277777.0,4.0,HOURLY
미나르숲:망가진 용의 둥지,2025-12-29 08:00:00,2025-12-29,08:00,월,11611566.0,10.0,HOURLY
미나르숲:망가진 용의 둥지,2025-12-29 09:00:00,2025-12-29,09:00,월,18420912.0,17.0,HOURLY
미나르숲:망가진 용의 둥지,2025-12-29 10:00:00,2025-12-29,10:00,월,23333333.0,19.0,HOURLY
미나르숲:망가진 용의 둥지,2025-12-29 11:00:00,2025-12-29,11:00,월,8575273.0,7.0,HOURLY
미나르숲:망가진 용의 둥지,2025-12-29 12:00:00,2025-12-29,12:00,월,23123456.0,11.0,HOURLY
미나르숲:망가진 용의 둥지,2025-12-29 13:00:00,2025-12-29,13:00,월,11961812.0,13.0,HOURLY
미나르숲:망가진 용의 둥지,2025-12-29 14:00:00,2025-12-29,14:00,월,18600000.0,13.0,HOURLY
미나르숲:망가진 용의 둥지,2025-12-29 15:00:00,2025-12-29,15:00,월,22599999.0,15.0,HOURLY
미나르숲:망가진 용의 둥지,2025-12-29 16:00:00,2025-12-29,16:00,월,21000000.0,10.0,HOURLY
미나르숲:망가진 용의 둥지,2025-12-29 17:00:00,2025-12-29,17:00,월,18466666.0,16.0,HOURLY
미나르숲:망가진 용의 둥지,2025-12-29 18:00:00,2025-12-29,18:00,월,18687499.0,10.0,HOURLY
미나르숲:망가진 용의 둥지,2025-12-29 19:00:00,2025-12-29,19:00,월,15750000.0,5.0,HOURLY
미나르숲:망가진 용의 둥지,2025-12-29 20:00:00,2025-12-29,20:00,월,15999999.0,15.0,HOURLY
미나르숲:망가진 용의 둥지,2025-12-29 21:00:00,2025-12-29,21:00,월,15428571.0,9.0,HOURLY
미나르숲:망가진 용의 둥지,2025-12-29 22:00:00,2025-12-29,22:00,월,11891304.0,25.0,HOURLY
미나르숲:망가진 용의 둥지,2025-12-29 23:00:00,2025-12-29,23:00,월,11636363.0,12.0,HOURLY
미나르숲:망가진 용의 둥지,2025-12-29T00:00:00,2025-12-29,00:00,월,17750000.0,19.0,HOURLY
미나르숲:망가진 용의 둥지,2025-12-29T01:00:00,2025-12-29,01:00,월,10193362.0,15.0,HOURLY
미나르숲:망가진 용의 둥지,2025-12-29T02:00:00,2025-12-29,02:00,월,6100112.0,13.0,HOURLY
미나르숲:망가진 용의 둥지,2025-12-29T03:00:00,2025-12-29,03:00,월,10249999.0,10.0,HOURLY
미나르숲:망가진 용의 둥지,2025-12-29T04:00:00,2025-12-29,04:00,월,7376416.0,8.0,HOURLY
미나르숲:망가진 용의 둥지,2025-12-29T05:00:00,2025-12-29,05:00,월,13999999.0,8.0,HOURLY
미나르숲:망가진 용의 둥지,2025-12-29T06:00:00,2025-12-29,06:00,월,9858746.0,7.0,HOURLY
미나르숲:망가진 용의 둥지,2025-12-29T07:00:00,2025-12-29,07:00,월,14277777.0,4.0,HOURLY
미나르숲:망가진 용의 둥지,2025-12-29T08:00:00,2025-12-29,08:00,월,11611566.0,10.0,HOURLY
미나르숲:망가진 용의 둥지,2025-12-29T09:00:00,2025-12-29,09:00,월,18420912.0,17.0,HOURLY
미나르숲:망가진 용의 둥지,2025-12-29T10:00:00,2025-12-29,10:00,월,23333333.0,19.0,HOURLY
미나르숲:망가진 용의 둥지,2025-12-29T11:00:00,2025-12-29,11:00,월,8575273.0,7.0,HOURLY
미나르숲:망가진 용의 둥지,2025-12-29T12:00:00,2025-12-29,12:00,월,23123456.0,11.0,HOURLY
미나르숲:망가진 용의 둥지,2025-12-29T13:00:00,2025-12-29,13:00,월,11961812.0,13.0,HOURLY
미나르숲:망가진 용의 둥지,2025-12-29T14:00:00,2025-12-29,14:00,월,18600000.0,13.0,HOURLY
미나르숲:망가진 용의 둥지,2025-12-29T15:00:00,2025-12-29,15:00,월,22599999.0,15.0,HOURLY
미나르숲:망가진 용의 둥지,2025-12-29T16:00:00,2025-12-29,16:00,월,21000000.0,10.0,HOURLY
미나르숲:망가진 용의 둥지,2025-12-29T17:00:00,2025-12-29,17:00,월,18466666.0,16.0,HOURLY
미나르숲:망가진 용의 둥지,2025-12-29T18:00:00,2025-12-29,18:00,월,18687499.0,10.0,HOURLY
미나르숲:망가진 용의 둥지,2025-12-29T19:00:00,2025-12-29,19:00,월,15750000.0,5.0,HOURLY
미나르숲:망가진 용의 둥지,2025-12-29T20:00:00,2025-12-29,20:00,월,15999999.0,15.0,HOURLY
미나르숲:망가진 용의 둥지,2025-12-29T21:00:00,2025-12-29,21:00,월,15428571.0,9.0,HOURLY
미나르숲:망가진 용의 둥지,2025-12-29T22:00:00,2025-12-29,22:00,월,11891304.0,25.0,HOURLY
미나르숲:망가진 용의 둥지,2025-12-29T23:00:00,2025-12-29,23:00,월,11636363.0,12.0,HOURLY
미나르숲:망가진 용의 둥지,2025-12-30 00:00:00,2025-12-30,00:00,화,9652173.0,25.0,HOURLY
미나르숲:망가진 용의 둥지,2025-12-30 01:00:00,2025-12-30,01:00,화,4777777.0,20.0,HOURLY
미나르숲:망가진 용의 둥지,2025-12-30 02:00:00,2025-12-30,02:00,화,4273529.0,20.0,HOURLY
미나르숲:망가진 용의 둥지,2025-12-30 03:00:00,2025-12-30,03:00,화,1126922.0,16.0,HOURLY
미나르숲:망가진 용의 둥지,2025-12-30 04:00:00,2025-12-30,04:00,화,237500.0,10.0,HOURLY
미나르숲:망가진 용의 둥지,2025-12-30 05:00:00,2025-12-30,05:00,화,374999.0,4.0,HOURLY
미나르숲:망가진 용의 둥지,2025-12-30 06:00:00,2025-12-30,06:00,화,300000.0,1.0,HOURLY
미나르숲:망가진 용의 둥지,2025-12-30 07:00:00,2025-12-30,07:00,화,0.0,0.0,HOURLY
미나르숲:망가진 용의 둥지,2025-12-30 08:00:00,2025-12-30,08:00,화,0.0,0.0,HOURLY
미나르숲:망가진 용의 둥지,2025-12-30 09:00:00,2025-12-30,09:00,화,38333456.0,9.0,HOURLY
미나르숲:망가진 용의 둥지,2025-12-30 10:00:00,2025-12-30,10:00,화,53333333.0,4.0,HOURLY
미나르숲:망가진 용의 둥지,2025-12-30 11:00:00,2025-12-30,11:00,화,49833333.0,8.0,HOURLY
미나르숲:망가진 용의 둥지,2025-12-30 12:00:00,2025-12-30,12:00,화,37000000.0,2.0,HOURLY
미나르숲:망가진 용의 둥지,2025-12-30 13:00:00,2025-12-30,13:00,화,42499999.0,11.0,HOURLY
미나르숲:망가진 용의 둥지,2025-12-30 14:00:00,2025-12-30,14:00,화,43444444.0,10.0,HOURLY
미나르숲:망가진 용의 둥지,2025-12-30 15:00:00,2025-12-30,15:00,화,12999999.0,2.0,HOURLY
미나르숲:망가진 용의 둥지,2025-12-30 16:00:00,2025-12-30,16:00,화,49666666.0,6.0,HOURLY
미나르숲:망가진 용의 둥지,2025-12-30 17:00:00,2025-12-30,17:00,화,34001374.0,8.0,HOURLY
미나르숲:망가진 용의 둥지,2025-12-30 18:00:00,2025-12-30,18:00,화,51125000.0,10.0,HOURLY
미나르숲:망가진 용의 둥지,2025-12-30 19:00:00,2025-12-30,19:00,화,37909191.0,11.0,HOURLY
미나르숲:망가진 용의 둥지,2025-12-30 20:00:00,2025-12-30,20:00,화,28142857.0,7.0,HOURLY
미나르숲:망가진 용의 둥지,2025-12-30 21:00:00,2025-12-30,21:00,화,17453650.0,14.0,HOURLY
미나르숲:망가진 용의 둥지,2025-12-30 22:00:00,2025-12-30,22:00,화,24400234.0,10.0,HOURLY
미나르숲:망가진 용의 둥지,2025-12-30 23:00:00,2025-12-30,23:00,화,26214285.0,15.0,HOURLY
미나르숲:망가진 용의 둥지,2025-12-30T00:00:00,2025-12-30,00:00,화,9652173.0,25.0,HOURLY
미나르숲:망가진 용의 둥지,2025-12-30T01:00:00,2025-12-30,01:00,화,4777777.0,20.0,HOURLY
미나르숲:망가진 용의 둥지,2025-12-30T02:00:00,2025-12-30,02:00,화,4273529.0,20.0,HOURLY
미나르숲:망가진 용의 둥지,2025-12-30T03:00:00,2025-12-30,03:00,화,1126922.0,16.0,HOURLY
미나르숲:망가진 용의 둥지,2025-12-30T04:00:00,2025-12-30,04:00,화,237500.0,10.0,HOURLY
미나르숲:망가진 용의 둥지,2025-12-30T05:00:00,2025-12-30,05:00,화,374999.0,4.0,HOURLY
미나르숲:망가진 용의 둥지,2025-12-30T06:00:00,2025-12-30,06:00,화,300000.0,1.0,HOURLY
미나르숲:망가진 용의 둥지,2025-12-30T07:00:00,2025-12-30,07:00,화,0.0,0.0,HOURLY
미나르숲:망가진 용의 둥지,2025-12-30T08:00:00,2025-12-30,08:00,화,0.0,0.0,HOURLY
미나르숲:망가진 용의 둥지,2025-12-30T09:00:00,2025-12-30,09:00,화,38333456.0,9.0,HOURLY
미나르숲:망가진 용의 둥지,2025-12-30T10:00:00,2025-12-30,10:00,화,53333333.0,4.0,HOURLY
미나르숲:망가진 용의 둥지,2025-12-30T11:00:00,2025-12-30,11:00,화,49833333.0,8.0,HOURLY
미나르숲:망가진 용의 둥지,2025-12-30T12:00:00,2025-12-30,12:00,화,37000000.0,2.0,HOURLY
미나르숲:망가진 용의 둥지,2025-12-30T13:00:00,2025-12-30,13:00,화,42499999.0,11.0,HOURLY
미나르숲:망가진 용의 둥지,2025-12-30T14:00:00,2025-12-30,14:00,화,43444444.0,10.0,HOURLY
미나르숲:망가진 용의 둥지,2025-12-30T15:00:00,2025-12-30,15:00,화,12999999.0,2.0,HOURLY
미나르숲:망가진 용의 둥지,2025-12-30T16:00:00,2025-12-30,16:00,화,49666666.0,6.0,HOURLY
미나르숲:망가진 용의 둥지,2025-12-30T17:00:00,2025-12-30,17:00,화,34001374.0,8.0,HOURLY
미나르숲:망가진 용의 둥지,2025-12-30T18:00:00,2025-12-30,18:00,화,51125000.0,10.0,HOURLY
미나르숲:망가진 용의 둥지,2025-12-30T19:00:00,2025-12-30,19:00,화,37909191.0,11.0,HOURLY
미나르숲:망가진 용의 둥지,2025-12-30T20:00:00,2025-12-30,20:00,화,28142857.0,7.0,HOURLY
미나르숲:망가진 용의 둥지,2025-12-30T21:00:00,2025-12-30,21:00,화,17453650.0,14.0,HOURLY
미나르숲:망가진 용의 둥지,2025-12-30T22:00:00,2025-12-30,22:00,화,24400234.0,10.0,HOURLY
미나르숲:망가진 용의 둥지,2025-12-30T23:00:00,2025-12-30,23:00,화,26214285.0,15.0,HOURLY
미나르숲:망가진 용의 둥지,2025-12-31 00:00:00,2025-12-31,00:00,수,14763024.0,18.0,HOURLY
미나르숲:망가진 용의 둥지,2025-12-31 01:00:00,2025-12-31,01:00,수,27087301.0,8.0,HOURLY
미나르숲:망가진 용의 둥지,2025-12-31 02:00:00,2025-12-31,02:00,수,25545454.0,13.0,HOURLY
미나르숲:망가진 용의 둥지,2025-12-31 03:00:00,2025-12-31,03:00,수,27375000.0,9.0,HOURLY
미나르숲:망가진 용의 둥지,2025-12-31 04:00:00,2025-12-31,04:00,수,20666665.0,4.0,HOURLY
미나르숲:망가진 용의 둥지,2025-12-31 05:00:00,2025-12-31,05:00,수,29272727.0,12.0,HOURLY
미나르숲:망가진 용의 둥지,2025-12-31 06:00:00,2025-12-31,06:00,수,21800000.0,7.0,HOURLY
미나르숲:망가진 용의 둥지,2025-12-31 07:00:00,2025-12-31,07:00,수,34400000.0,7.0,HOURLY
미나르숲:망가진 용의 둥지,2025-12-31 08:00:00,2025-12-31,08:00,수,39714285.0,12.0,HOURLY
미나르숲:망가진 용의 둥지,2025-12-31 09:00:00,2025-12-31,09:00,수,20989683.0,14.0,HOURLY
미나르숲:망가진 용의 둥지,2025-12-31 10:00:00,2025-12-31,10:00,수,40142857.0,10.0,HOURLY
미나르숲:망가진 용의 둥지,2025-12-31 11:00:00,2025-12-31,11:00,수,25639168.0,8.0,HOURLY
미나르숲:망가진 용의 둥지,2025-12-31 12:00:00,2025-12-31,12:00,수,48076923.0,16.0,HOURLY
미나르숲:망가진 용의 둥지,2025-12-31 13:00:00,2025-12-31,13:00,수,30000174.0,7.0,HOURLY
미나르숲:망가진 용의 둥지,2025-12-31 14:00:00,2025-12-31,14:00,수,21499999.0,3.0,HOURLY
미나르숲:망가진 용의 둥지,2025-12-31 15:00:00,2025-12-31,15:00,수,59999999.0,4.0,HOURLY
미나르숲:망가진 용의 둥지,2025-12-31 16:00:00,2025-12-31,16:00,수,43444444.0,9.0,HOURLY
미나르숲:망가진 용의 둥지,2025-12-31 17:00:00,2025-12-31,17:00,수,55222222.0,9.0,HOURLY
미나르숲:망가진 용의 둥지,2025-12-31 18:00:00,2025-12-31,18:00,수,47750000.0,5.0,HOURLY
미나르숲:망가진 용의 둥지,2025-12-31 19:00:00,2025-12-31,19:00,수,41999999.0,10.0,HOURLY
미나르숲:망가진 용의 둥지,2025-12-31 20:00:00,2025-12-31,20:00,수,40666666.0,4.0,HOURLY
미나르숲:망가진 용의 둥지,2025-12-31 21:00:00,2025-12-31,21:00,수,38625000.0,8.0,HOURLY
미나르숲:망가진 용의 둥지,2025-12-31 22:00:00,2025-12-31,22:00,수,27666778.0,10.0,HOURLY
미나르숲:망가진 용의 둥지,2025-12-31 23:00:00,2025-12-31,23:00,수,24430158.0,7.0,HOURLY
미나르숲:망가진 용의 둥지,2025-12-31T00:00:00,2025-12-31,00:00,수,14763024.0,18.0,HOURLY
미나르숲:망가진 용의 둥지,2025-12-31T01:00:00,2025-12-31,01:00,수,27087301.0,8.0,HOURLY
미나르숲:망가진 용의 둥지,2025-12-31T02:00:00,2025-12-31,02:00,수,25545454.0,13.0,HOURLY
미나르숲:망가진 용의 둥지,2025-12-31T03:00:00,2025-12-31,03:00,수,27375000.0,9.0,HOURLY
미나르숲:망가진 용의 둥지,2025-12-31T04:00:00,2025-12-31,04:00,수,20666665.0,4.0,HOURLY
미나르숲:망가진 용의 둥지,2025-12-31T05:00:00,2025-12-31,05:00,수,29272727.0,12.0,HOURLY
미나르숲:망가진 용의 둥지,2025-12-31T06:00:00,2025-12-31,06:00,수,21800000.0,7.0,HOURLY
미나르숲:망가진 용의 둥지,2025-12-31T07:00:00,2025-12-31,07:00,수,34400000.0,7.0,HOURLY
미나르숲:망가진 용의 둥지,2025-12-31T08:00:00,2025-12-31,08:00,수,39714285.0,12.0,HOURLY
미나르숲:망가진 용의 둥지,2025-12-31T09:00:00,2025-12-31,09:00,수,20989683.0,14.0,HOURLY
미나르숲:망가진 용의 둥지,2025-12-31T10:00:00,2025-12-31,10:00,수,40142857.0,10.0,HOURLY
미나르숲:망가진 용의 둥지,2025-12-31T11:00:00,2025-12-31,11:00,수,25639168.0,8.0,HOURLY
미나르숲:망가진 용의 둥지,2025-12-31T12:00:00,2025-12-31,12:00,수,48076923.0,16.0,HOURLY
미나르숲:망가진 용의 둥지,2025-12-31T13:00:00,2025-12-31,13:00,수,30000174.0,7.0,HOURLY
미나르숲:망가진 용의 둥지,2025-12-31T14:00:00,2025-12-31,14:00,수,21499999.0,3.0,HOURLY
미나르숲:망가진 용의 둥지,2025-12-31T15:00:00,2025-12-31,15:00,수,59999999.0,4.0,HOURLY
미나르숲:망가진 용의 둥지,2025-12-31T16:00:00,2025-12-31,16:00,수,43444444.0,9.0,HOURLY
미나르숲:망가진 용의 둥지,2025-12-31T17:00:00,2025-12-31,17:00,수,55222222.0,9.0,HOURLY
미나르숲:망가진 용의 둥지,2025-12-31T18:00:00,2025-12-31,18:00,수,47750000.0,5.0,HOURLY
미나르숲:망가진 용의 둥지,2025-12-31T19:00:00,2025-12-31,19:00,수,41999999.0,10.0,HOURLY
미나르숲:망가진 용의 둥지,2025-12-31T20:00:00,2025-12-31,20:00,수,40666666.0,4.0,HOURLY
미나르숲:망가진 용의 둥지,2025-12-31T21:00:00,2025-12-31,21:00,수,38625000.0,8.0,HOURLY
미나르숲:망가진 용의 둥지,2025-12-31T22:00:00,2025-12-31,22:00,수,27666778.0,10.0,HOURLY
미나르숲:망가진 용의 둥지,2025-12-31T23:00:00,2025-12-31,23:00,수,24430158.0,7.0,HOURLY
미나르숲:망가진 용의 둥지,2026-01-01 00:00:00,2026-01-01,00:00,목,35857142.0,11.0,HOURLY
미나르숲:망가진 용의 둥지,2026-01-01 01:00:00,2026-01-01,01:00,목,21588904.0,7.0,HOURLY
미나르숲:망가진 용의 둥지,2026-01-01 02:00:00,2026-01-01,02:00,목,27515887.0,7.0,HOURLY
미나르숲:망가진 용의 둥지,2026-01-01 03:00:00,2026-01-01,03:00,목,40800000.0,8.0,HOURLY
미나르숲:망가진 용의 둥지,2026-01-01 04:00:00,2026-01-01,04:00,목,42333333.0,11.0,HOURLY
미나르숲:망가진 용의 둥지,2026-01-01 05:00:00,2026-01-01,05:00,목,21333333.0,3.0,HOURLY
미나르숲:망가진 용의 둥지,2026-01-01 06:00:00,2026-01-01,06:00,목,47499999.0,8.0,HOURLY
미나르숲:망가진 용의 둥지,2026-01-01 07:00:00,2026-01-01,07:00,목,45000000.0,1.0,HOURLY
미나르숲:망가진 용의 둥지,2026-01-01 08:00:00,2026-01-01,08:00,목,42058898.0,10.0,HOURLY
미나르숲:망가진 용의 둥지,2026-01-01 09:00:00,2026-01-01,09:00,목,69000000.0,4.0,HOURLY
미나르숲:망가진 용의 둥지,2026-01-01 10:00:00,2026-01-01,10:00,목,57200000.0,8.0,HOURLY
미나르숲:망가진 용의 둥지,2026-01-01 11:00:00,2026-01-01,11:00,목,22335925.0,3.0,HOURLY
미나르숲:망가진 용의 둥지,2026-01-01 12:00:00,2026-01-01,12:00,목,62571428.0,8.0,HOURLY
미나르숲:망가진 용의 둥지,2026-01-01 13:00:00,2026-01-01,13:00,목,45037037.0,3.0,HOURLY
미나르숲:망가진 용의 둥지,2026-01-01 14:00:00,2026-01-01,14:00,목,62666666.0,3.0,HOURLY
미나르숲:망가진 용의 둥지,2026-01-01 15:00:00,2026-01-01,15:00,목,66333334.0,7.0,HOURLY
미나르숲:망가진 용의 둥지,2026-01-01T00:00:00,2026-01-01,00:00,목,35857142.0,11.0,HOURLY
미나르숲:망가진 용의 둥지,2026-01-01T01:00:00,2026-01-01,01:00,목,21588904.0,7.0,HOURLY
미나르숲:망가진 용의 둥지,2026-01-01T02:00:00,2026-01-01,02:00,목,27515887.0,7.0,HOURLY
미나르숲:망가진 용의 둥지,2026-01-01T03:00:00,2026-01-01,03:00,목,40800000.0,8.0,HOURLY
미나르숲:망가진 용의 둥지,2026-01-01T04:00:00,2026-01-01,04:00,목,42333333.0,11.0,HOURLY
미나르숲:망가진 용의 둥지,2026-01-01T05:00:00,2026-01-01,05:00,목,21333333.0,3.0,HOURLY
미나르숲:망가진 용의 둥지,2026-01-01T06:00:00,2026-01-01,06:00,목,47499999.0,8.0,HOURLY
미나르숲:망가진 용의 둥지,2026-01-01T07:00:00,2026-01-01,07:00,목,45000000.0,1.0,HOURLY
미나르숲:망가진 용의 둥지,2026-01-01T08:00:00,2026-01-01,08:00,목,42058898.0,10.0,HOURLY
미나르숲:망가진 용의 둥지,2026-01-01T09:00:00,2026-01-01,09:00,목,69000000.0,4.0,HOURLY
미나르숲:망가진 용의 둥지,2026-01-01T10:00:00,2026-01-01,10:00,목,57200000.0,8.0,HOURLY
미나르숲:망가진 용의 둥지,2026-01-01T11:00:00,2026-01-01,11:00,목,22335925.0,3.0,HOURLY
미나르숲:망가진 용의 둥지,2026-01-01T12:00:00,2026-01-01,12:00,목,62571428.0,8.0,HOURLY
미나르숲:망가진 용의 둥지,2026-01-01T13:00:00,2026-01-01,13:00,목,45037037.0,3.0,HOURLY
미나르숲:망가진 용의 둥지,2026-01-01T14:00:00,2026-01-01,14:00,목,62666666.0,3.0,HOURLY
미나르숲:망가진 용의 둥지,2026-01-01T15:00:00,2026-01-01,15:00,목,66333334.0,7.0,HOURLY
미나르숲:망가진 용의 둥지,2026-01-01T16:00:00,2026-01-01,16:00,목,53166666.0,7.0,HOURLY
미나르숲:망가진 용의 둥지,2026-01-01T17:00:00,2026-01-01,17:00,목,32600111.0,10.0,HOURLY
미나르숲:망가진 용의 둥지,2026-01-01T18:00:00,2026-01-01,18:00,목,30707818.0,3.0,HOURLY
미나르숲:망가진 용의 둥지,2026-01-01T19:00:00,2026-01-01,19:00,목,64666666.0,4.0,HOURLY
미나르숲:망가진 용의 둥지,2026-01-01T20:00:00,2026-01-01,20:00,목,26220007.0,15.0,HOURLY
미나르숲:망가진 용의 둥지,2026-01-01T21:00:00,2026-01-01,21:00,목,42250000.0,8.0,HOURLY
미나르숲:망가진 용의 둥지,2026-01-01T22:00:00,2026-01-01,22:00,목,27162110.0,9.0,HOURLY
미나르숲:망가진 용의 둥지,2026-01-01T23:00:00,2026-01-01,23:00,목,21556527.0,16.0,HOURLY
미나르숲:망가진 용의 둥지,2026-01-02T00:00:00,2026-01-02,00:00,금,33611444.0,10.0,HOURLY
미나르숲:망가진 용의 둥지,2026-01-02T01:00:00,2026-01-02,01:00,금,38600000.0,6.0,HOURLY
미나르숲:망가진 용의 둥지,2026-01-02T02:00:00,2026-01-02,02:00,금,19281115.0,5.0,HOURLY
미나르숲:망가진 용의 둥지,2026-01-02T03:00:00,2026-01-02,03:00,금,24187222.0,6.0,HOURLY
미나르숲:망가진 용의 둥지,2026-01-02T04:00:00,2026-01-02,04:00,금,50000000.0,3.0,HOURLY
미나르숲:망가진 용의 둥지,2026-01-02T05:00:00,2026-01-02,05:00,금,50000000.0,7.0,HOURLY
미나르숲:망가진 용의 둥지,2026-01-02T06:00:00,2026-01-02,06:00,금,56200000.0,7.0,HOURLY
미나르숲:망가진 용의 둥지,2026-01-02T07:00:00,2026-01-02,07:00,금,57333333.0,6.0,HOURLY
미나르숲:망가진 용의 둥지,2026-01-02T08:00:00,2026-01-02,08:00,금,83749999.0,10.0,HOURLY
미나르숲:망가진 용의 둥지,2026-01-02T09:00:00,2026-01-02,09:00,금,42400000.0,5.0,HOURLY
미나르숲:망가진 용의 둥지,2026-01-02T10:00:00,2026-01-02,10:00,금,45652777.0,8.0,HOURLY
미나르숲:망가진 용의 둥지,2026-01-02T11:00:00,2026-01-02,11:00,금,61600107.0,10.0,HOURLY
미나르숲:망가진 용의 둥지,2026-01-02T12:00:00,2026-01-02,12:00,금,52039094.0,6.0,HOURLY
미나르숲:망가진 용의 둥지,2026-01-02T13:00:00,2026-01-02,13:00,금,55559670.0,6.0,HOURLY
미나르숲:망가진 용의 둥지,2026-01-02T14:00:00,2026-01-02,14:00,금,82749999.0,10.0,HOURLY
미나르숲:망가진 용의 둥지,2026-01-02T15:00:00,2026-01-02,15:00,금,40372222.0,10.0,HOURLY
미나르숲:망가진 용의 둥지,2026-01-02T16:00:00,2026-01-02,16:00,금,76999999.0,5.0,HOURLY
미나르숲:망가진 용의 둥지,2026-01-02T17:00:00,2026-01-02,17:00,금,76000000.0,7.0,HOURLY
미나르숲:망가진 용의 둥지,2026-01-02T18:00:00,2026-01-02,18:00,금,46900246.0,5.0,HOURLY
미나르숲:망가진 용의 둥지,2026-01-02T19:00:00,2026-01-02,19:00,금,77333333.0,9.0,HOURLY
미나르숲:망가진 용의 둥지,2026-01-02T20:00:00,2026-01-02,20:00,금,40184352.0,12.0,HOURLY
미나르숲:망가진 용의 둥지,2026-01-02T21:00:00,2026-01-02,21:00,금,64857142.0,16.0,HOURLY
미나르숲:망가진 용의 둥지,2026-01-02T22:00:00,2026-01-02,22:00,금,31279684.0,7.0,HOURLY
미나르숲:망가진 용의 둥지,2026-01-02T23:00:00,2026-01-02,23:00,금,73750000.0,8.0,HOURLY
미나르숲:망가진 용의 둥지,2026-01-03T00:00:00,2026-01-03,00:00,토,36759869.0,11.0,HOURLY
미나르숲:망가진 용의 둥지,2026-01-03T01:00:00,2026-01-03,01:00,토,69999999.0,10.0,HOURLY
미나르숲:망가진 용의 둥지,2026-01-03T02:00:00,2026-01-03,02:00,토,60714285.0,11.0,HOURLY
미나르숲:망가진 용의 둥지,2026-01-03T03:00:00,2026-01-03,03:00,토,56333333.0,5.0,HOURLY
미나르숲:망가진 용의 둥지,2026-01-03T04:00:00,2026-01-03,04:00,토,60800000.0,8.0,HOURLY
미나르숲:망가진 용의 둥지,2026-01-03T05:00:00,2026-01-03,05:00,토,62800000.0,6.0,HOURLY
미나르숲:망가진 용의 둥지,2026-01-03T06:00:00,2026-01-03,06:00,토,60000000.0,4.0,HOURLY
미나르숲:망가진 용의 둥지,2026-01-03T07:00:00,2026-01-03,07:00,토,45685185.0,6.0,HOURLY
미나르숲:망가진 용의 둥지,2026-01-03T08:00:00,2026-01-03,08:00,토,63625264.0,8.0,HOURLY
미나르숲:망가진 용의 둥지,2026-01-03T09:00:00,2026-01-03,09:00,토,82428571.0,8.0,HOURLY
미나르숲:망가진 용의 둥지,2026-01-03T10:00:00,2026-01-03,10:00,토,69250000.0,5.0,HOURLY
미나르숲:망가진 용의 둥지,2026-01-03T11:00:00,2026-01-03,11:00,토,68800000.0,6.0,HOURLY
미나르숲:망가진 용의 둥지,2026-01-03T12:00:00,2026-01-03,12:00,토,69666666.0,11.0,HOURLY
미나르숲:망가진 용의 둥지,2026-01-03T13:00:00,2026-01-03,13:00,토,48900100.0,10.0,HOURLY
미나르숲:망가진 용의 둥지,2026-01-03T14:00:00,2026-01-03,14:00,토,61777777.0,11.0,HOURLY
미나르숲:망가진 용의 둥지,2026-01-03T15:00:00,2026-01-03,15:00,토,49033333.0,6.0,HOURLY
미나르숲:망가진 용의 둥지,2026-01-03T16:00:00,2026-01-03,16:00,토,63777778.0,12.0,HOURLY
미나르숲:망가진 용의 둥지,2026-01-03T17:00:00,2026-01-03,17:00,토,64285714.0,9.0,HOURLY
미나르숲:망가진 용의 둥지,2026-01-03T18:00:00,2026-01-03,18:00,토,37212312.0,10.0,HOURLY
미나르숲:망가진 용의 둥지,2026-01-03T19:00:00,2026-01-03,19:00,토,48444444.0,12.0,HOURLY
미나르숲:망가진 용의 둥지,2026-01-03T20:00:00,2026-01-03,20:00,토,47833333.0,7.0,HOURLY
미나르숲:망가진 용의 둥지,2026-01-03T21:00:00,2026-01-03,21:00,토,44142857.0,14.0,HOURLY
미나르숲:망가진 용의 둥지,2026-01-03T22:00:00,2026-01-03,22:00,토,47454545.0,12.0,HOURLY
미나르숲:망가진 용의 둥지,2026-01-03T23:00:00,2026-01-03,23:00,토,48333333.0,7.0,HOURLY
미나르숲:망가진 용의 둥지,2026-01-04T00:00:00,2026-01-04,00:00,일,43499999.0,10.0,HOURLY
미나르숲:망가진 용의 둥지,2026-01-04T01:00:00,2026-01-04,01:00,일,40000000.0,9.0,HOURLY
미나르숲:망가진 용의 둥지,2026-01-04T02:00:00,2026-01-04,02:00,일,23627093.0,6.0,HOURLY
미나르숲:망가진 용의 둥지,2026-01-04T03:00:00,2026-01-04,03:00,일,39999999.0,8.0,HOURLY
미나르숲:망가진 용의 둥지,2026-01-04T04:00:00,2026-01-04,04:00,일,39199999.0,13.0,HOURLY
미나르숲:망가진 용의 둥지,2026-01-04T05:00:00,2026-01-04,05:00,일,34374999.0,11.0,HOURLY
미나르숲:망가진 용의 둥지,2026-01-04T06:00:00,2026-01-04,06:00,일,33000000.0,4.0,HOURLY
미나르숲:망가진 용의 둥지,2026-01-04T07:00:00,2026-01-04,07:00,일,39200000.0,5.0,HOURLY
미나르숲:망가진 용의 둥지,2026-01-04T08:00:00,2026-01-04,08:00,일,37083333.0,13.0,HOURLY
미나르숲:망가진 용의 둥지,2026-01-04T09:00:00,2026-01-04,09:00,일,18456913.0,9.0,HOURLY
미나르숲:망가진 용의 둥지,2026-01-04T10:00:00,2026-01-04,10:00,일,32285713.0,9.0,HOURLY
미나르숲:망가진 용의 둥지,2026-01-04T11:00:00,2026-01-04,11:00,일,35374999.0,11.0,HOURLY
미나르숲:망가진 용의 둥지,2026-01-04T12:00:00,2026-01-04,12:00,일,38749999.0,10.0,HOURLY
미나르숲:망가진 용의 둥지,2026-01-04T13:00:00,2026-01-04,13:00,일,38600000.0,19.0,HOURLY
미나르숲:망가진 용의 둥지,2026-01-04T14:00:00,2026-01-04,14:00,일,34416666.0,16.0,HOURLY
미나르숲:망가진 용의 둥지,2026-01-04T15:00:00,2026-01-04,15:00,일,33777777.0,9.0,HOURLY
미나르숲:망가진 용의 둥지,2026-01-04T16:00:00,2026-01-04,16:00,일,31454545.0,13.0,HOURLY
미나르숲:망가진 용의 둥지,2026-01-04T17:00:00,2026-01-04,17:00,일,25416666.0,8.0,HOURLY
미나르숲:망가진 용의 둥지,2026-01-04T18:00:00,2026-01-04,18:00,일,25000000.0,17.0,HOURLY
미나르숲:망가진 용의 둥지,2026-01-04T19:00:00,2026-01-04,19:00,일,20918300.0,18.0,HOURLY
미나르숲:망가진 용의 둥지,2026-01-04T20:00:00,2026-01-04,20:00,일,15843750.0,20.0,HOURLY
미나르숲:망가진 용의 둥지,2026-01-04T21:00:00,2026-01-04,21:00,일,13249999.0,8.0,HOURLY
미나르숲:망가진 용의 둥지,2026-01-04T22:00:00,2026-01-04,22:00,일,12875000.0,14.0,HOURLY
미나르숲:망가진 용의 둥지,2026-01-04T23:00:00,2026-01-04,23:00,일,13250000.0,9.0,HOURLY
미나르숲:망가진 용의 둥지,2026-01-05T00:00:00,2026-01-05,00:00,월,11750000.0,17.0,HOURLY
미나르숲:망가진 용의 둥지,2026-01-05T01:00:00,2026-01-05,01:00,월,5906249.0,17.0,HOURLY
미나르숲:망가진 용의 둥지,2026-01-05T02:00:00,2026-01-05,02:00,월,3134434.0,23.0,HOURLY
미나르숲:망가진 용의 둥지,2026-01-05T03:00:00,2026-01-05,03:00,월,999998.0,9.0,HOURLY
미나르숲:망가진 용의 둥지,2026-01-05T04:00:00,2026-01-05,04:00,월,840000.0,6.0,HOURLY
미나르숲:망가진 용의 둥지,2026-01-05T05:00:00,2026-01-05,05:00,월,416666.0,6.0,HOURLY
미나르숲:망가진 용의 둥지,2026-01-05T06:00:00,2026-01-05,06:00,월,50000.0,1.0,HOURLY
미나르숲:망가진 용의 둥지,2026-01-05T07:00:00,2026-01-05,07:00,월,0.0,0.0,HOURLY
미나르숲:망가진 용의 둥지,2026-01-05T08:00:00,2026-01-05,08:00,월,0.0,0.0,HOURLY
미나르숲:망가진 용의 둥지,2026-01-05T09:00:00,2026-01-05,09:00,월,20000000.0,2.0,HOURLY
미나르숲:망가진 용의 둥지,2026-01-05T10:00:00,2026-01-05,10:00,월,69090909.0,12.0,HOURLY
미나르숲:망가진 용의 둥지,2026-01-05T11:00:00,2026-01-05,11:00,월,71000000.0,4.0,HOURLY
미나르숲:망가진 용의 둥지,2026-01-05T12:00:00,2026-01-05,12:00,월,68799999.0,6.0,HOURLY
미나르숲:망가진 용의 둥지,2026-01-05T13:00:00,2026-01-05,13:00,월,71666666.0,6.0,HOURLY
미나르숲:망가진 용의 둥지,2026-01-05T14:00:00,2026-01-05,14:00,월,36750000.0,6.0,HOURLY
미나르숲:망가진 용의 둥지,2026-01-05T15:00:00,2026-01-05,15:00,월,77999999.0,3.0,HOURLY
미나르숲:망가진 용의 둥지,2026-01-05T16:00:00,2026-01-05,16:00,월,76750000.0,5.0,HOURLY
미나르숲:망가진 용의 둥지,2026-01-05T17:00:00,2026-01-05,17:00,월,37624999.0,4.0,HOURLY
미나르숲:망가진 용의 둥지,2026-01-05T18:00:00,2026-01-05,18:00,월,65000000.0,7.0,HOURLY
미나르숲:망가진 용의 둥지,2026-01-05T19:00:00,2026-01-05,19:00,월,48461538.0,13.0,HOURLY
미나르숲:망가진 용의 둥지,2026-01-05T20:00:00,2026-01-05,20:00,월,30642857.0,17.0,HOURLY
미나르숲:망가진 용의 둥지,2026-01-05T21:00:00,2026-01-05,21:00,월,29117646.0,22.0,HOURLY
미나르숲:망가진 용의 둥지,2026-01-05T22:00:00,2026-01-05,22:00,월,27800000.0,7.0,HOURLY
미나르숲:망가진 용의 둥지,2026-01-05T23:00:00,2026-01-05,23:00,월,26965630.0,14.0,HOURLY
미나르숲:망가진 용의 둥지,2026-01-06T00:00:00,2026-01-06,00:00,화,20124925.0,9.0,HOURLY
미나르숲:망가진 용의 둥지,2026-01-06T01:00:00,2026-01-06,01:00,화,26857142.0,11.0,HOURLY
미나르숲:망가진 용의 둥지,2026-01-06T02:00:00,2026-01-06,02:00,화,25571428.0,8.0,HOURLY
미나르숲:망가진 용의 둥지,2026-01-06T03:00:00,2026-01-06,03:00,화,25333333.0,15.0,HOURLY
미나르숲:망가진 용의 둥지,2026-01-06T04:00:00,2026-01-06,04:00,화,15060606.0,2.0,HOURLY
미나르숲:망가진 용의 둥지,2026-01-06T05:00:00,2026-01-06,05:00,화,27236828.0,11.0,HOURLY
미나르숲:망가진 용의 둥지,2026-01-06T06:00:00,2026-01-06,06:00,화,36250000.0,10.0,HOURLY
미나르숲:망가진 용의 둥지,2026-01-06T07:00:00,2026-01-06,07:00,화,31500000.0,4.0,HOURLY
미나르숲:망가진 용의 둥지,2026-01-06T08:00:00,2026-01-06,08:00,화,41142856.0,7.0,HOURLY
미나르숲:망가진 용의 둥지,2026-01-06T09:00:00,2026-01-06,09:00,화,26249519.0,9.0,HOURLY
미나르숲:망가진 용의 둥지,2026-01-06T10:00:00,2026-01-06,10:00,화,40250000.0,11.0,HOURLY
미나르숲:망가진 용의 둥지,2026-01-06T11:00:00,2026-01-06,11:00,화,29558273.0,9.0,HOURLY
미나르숲:망가진 용의 둥지,2026-01-06T12:00:00,2026-01-06,12:00,화,34400000.0,10.0,HOURLY
미나르숲:망가진 용의 둥지,2026-01-06T13:00:00,2026-01-06,13:00,화,27500000.0,8.0,HOURLY
미나르숲:망가진 용의 둥지,2026-01-06T14:00:00,2026-01-06,14:00,화,25750000.0,10.0,HOURLY
미나르숲:망가진 용의 둥지,2026-01-06T15:00:00,2026-01-06,15:00,화,30571428.0,8.0,HOURLY
미나르숲:망가진 용의 둥지,2026-01-06T16:00:00,2026-01-06,16:00,화,28333333.0,6.0,HOURLY
미나르숲:망가진 용의 둥지,2026-01-06T17:00:00,2026-01-06,17:00,화,26500000.0,4.0,HOURLY
미나르숲:망가진 용의 둥지,2026-01-06T18:00:00,2026-01-06,18:00,화,22399999.0,16.0,HOURLY
미나르숲:망가진 용의 둥지,2026-01-06T19:00:00,2026-01-06,19:00,화,18681818.0,12.0,HOURLY
미나르숲:망가진 용의 둥지,2026-01-06T20:00:00,2026-01-06,20:00,화,17999999.0,14.0,HOURLY
미나르숲:망가진 용의 둥지,2026-01-06T21:00:00,2026-01-06,21:00,화,17500000.0,17.0,HOURLY
미나르숲:망가진 용의 둥지,2026-01-06T22:00:00,2026-01-06,22:00,화,13892857.0,16.0,HOURLY
미나르숲:망가진 용의 둥지,2026-01-06T23:00:00,2026-01-06,23:00,화,13511111.0,10.0,HOURLY
미나르숲:망가진 용의 둥지,2026-01-07T00:00:00,2026-01-07,00:00,수,9999999.0,24.0,HOURLY
미나르숲:망가진 용의 둥지,2026-01-07T01:00:00,2026-01-07,01:00,수,8823529.0,17.0,HOURLY
미나르숲:망가진 용의 둥지,2026-01-07T02:00:00,2026-01-07,02:00,수,3126666.0,15.0,HOURLY
미나르숲:망가진 용의 둥지,2026-01-07T03:00:00,2026-01-07,03:00,수,1745454.0,11.0,HOURLY
미나르숲:망가진 용의 둥지,2026-01-07T04:00:00,2026-01-07,04:00,수,552777.0,7.0,HOURLY
미나르숲:망가진 용의 둥지,2026-01-07T05:00:00,2026-01-07,05:00,수,300000.0,2.0,HOURLY
미나르숲:망가진 용의 둥지,2026-01-07T06:00:00,2026-01-07,06:00,수,0.0,0.0,HOURLY
미나르숲:망가진 용의 둥지,2026-01-07T07:00:00,2026-01-07,07:00,수,0.0,0.0,HOURLY
미나르숲:망가진 용의 둥지,2026-01-07T08:00:00,2026-01-07,08:00,수,0.0,0.0,HOURLY
미나르숲:망가진 용의 둥지,2026-01-07T09:00:00,2026-01-07,09:00,수,60000000.0,2.0,HOURLY
미나르숲:망가진 용의 둥지,2026-01-07T10:00:00,2026-01-07,10:00,수,68300000.0,12.0,HOURLY
미나르숲:망가진 용의 둥지,2026-01-07T11:00:00,2026-01-07,11:00,수,75000000.0,2.0,HOURLY
미나르숲:망가진 용의 둥지,2026-01-07T12:00:00,2026-01-07,12:00,수,69999999.0,6.0,HOURLY
미나르숲:망가진 용의 둥지,2026-01-07T13:00:00,2026-01-07,13:00,수,41004115.0,3.0,HOURLY
미나르숲:망가진 용의 둥지,2026-01-07T14:00:00,2026-01-07,14:00,수,45416834.0,6.0,HOURLY
미나르숲:망가진 용의 둥지,2026-01-07T15:00:00,2026-01-07,15:00,수,37751685.0,6.0,HOURLY
미나르숲:망가진 용의 둥지,2026-01-07T16:00:00,2026-01-07,16:00,수,68833333.0,7.0,HOURLY
미나르숲:망가진 용의 둥지,2026-01-07T17:00:00,2026-01-07,17:00,수,61333333.0,7.0,HOURLY
미나르숲:망가진 용의 둥지,2026-01-07T18:00:00,2026-01-07,18:00,수,37649999.0,10.0,HOURLY
미나르숲:망가진 용의 둥지,2026-01-07T19:00:00,2026-01-07,19:00,수,35642857.0,18.0,HOURLY
미나르숲:망가진 용의 둥지,2026-01-07T20:00:00,2026-01-07,20:00,수,29583333.0,12.0,HOURLY
미나르숲:망가진 용의 둥지,2026-01-07T21:00:00,2026-01-07,21:00,수,20653253.0,14.0,HOURLY
미나르숲:망가진 용의 둥지,2026-01-07T22:00:00,2026-01-07,22:00,수,35571428.0,8.0,HOURLY
미나르숲:망가진 용의 둥지,2026-01-07T23:00:00,2026-01-07,23:00,수,33090909.0,15.0,HOURLY
미나르숲:망가진 용의 둥지,2026-01-08T00:00:00,2026-01-08,00:00,목,30200000.0,15.0,HOURLY
미나르숲:망가진 용의 둥지,2026-01-08T01:00:00,2026-01-08,01:00,목,21701924.0,18.0,HOURLY
미나르숲:망가진 용의 둥지,2026-01-08T02:00:00,2026-01-08,02:00,목,28666666.0,13.0,HOURLY
미나르숲:망가진 용의 둥지,2026-01-08T03:00:00,2026-01-08,03:00,목,27749999.0,9.0,HOURLY
미나르숲:망가진 용의 둥지,2026-01-08T04:00:00,2026-01-08,04:00,목,39000000.0,11.0,HOURLY
미나르숲:망가진 용의 둥지,2026-01-08T05:00:00,2026-01-08,05:00,목,30000000.0,5.0,HOURLY
미나르숲:망가진 용의 둥지,2026-01-08T06:00:00,2026-01-08,06:00,목,30000000.0,9.0,HOURLY
미나르숲:망가진 용의 둥지,2026-01-08T07:00:00,2026-01-08,07:00,목,18000334.0,3.0,HOURLY
미나르숲:망가진 용의 둥지,2026-01-08T08:00:00,2026-01-08,08:00,목,33749999.0,8.0,HOURLY
미나르숲:망가진 용의 둥지,2026-01-08T09:00:00,2026-01-08,09:00,목,40916666.0,16.0,HOURLY
미나르숲:망가진 용의 둥지,2026-01-08T10:00:00,2026-01-08,10:00,목,39000000.0,4.0,HOURLY
미나르숲:망가진 용의 둥지,2026-01-08T11:00:00,2026-01-08,11:00,목,42599999.0,7.0,HOURLY
미나르숲:망가진 용의 둥지,2026-01-08T12:00:00,2026-01-08,12:00,목,32000000.0,4.0,HOURLY
미나르숲:망가진 용의 둥지,2026-01-08T13:00:00,2026-01-08,13:00,목,21687638.0,8.0,HOURLY
미나르숲:망가진 용의 둥지,2026-01-08T14:00:00,2026-01-08,14:00,목,33500000.0,6.0,HOURLY
미나르숲:망가진 용의 둥지,2026-01-08T15:00:00,2026-01-08,15:00,목,37800000.0,6.0,HOURLY
미나르숲:망가진 용의 둥지,2026-01-08T16:00:00,2026-01-08,16:00,목,35833333.0,9.0,HOURLY
미나르숲:망가진 용의 둥지,2026-01-08T17:00:00,2026-01-08,17:00,목,23500000.0,16.0,HOURLY
미나르숲:망가진 용의 둥지,2026-01-08T18:00:00,2026-01-08,18:00,목,25200000.0,8.0,HOURLY
미나르숲:망가진 용의 둥지,2026-01-08T19:00:00,2026-01-08,19:00,목,25000000.0,15.0,HOURLY
미나르숲:망가진 용의 둥지,2026-01-08T20:00:00,2026-01-08,20:00,목,25266666.0,18.0,HOURLY
미나르숲:망가진 용의 둥지,2026-01-08T21:00:00,2026-01-08,21:00,목,19647058.0,19.0,HOURLY
미나르숲:망가진 용의 둥지,2026-01-08T22:00:00,2026-01-08,22:00,목,18949999.0,12.0,HOURLY
미나르숲:망가진 용의 둥지,2026-01-08T23:00:00,2026-01-08,23:00,목,15892857.0,16.0,HOURLY
미나르숲:망가진 용의 둥지,2026-01-09T00:00:00,2026-01-09,00:00,금,10205882.0,18.0,HOURLY
미나르숲:망가진 용의 둥지,2026-01-09T01:00:00,2026-01-09,01:00,금,7999999.0,18.0,HOURLY
미나르숲:망가진 용의 둥지,2026-01-09T02:00:00,2026-01-09,02:00,금,4461538.0,13.0,HOURLY
미나르숲:망가진 용의 둥지,2026-01-09T03:00:00,2026-01-09,03:00,금,2157142.0,7.0,HOURLY
미나르숲:망가진 용의 둥지,2026-01-09T04:00:00,2026-01-09,04:00,금,666666.0,13.0,HOURLY
미나르숲:망가진 용의 둥지,2026-01-09T05:00:00,2026-01-09,05:00,금,100000.0,1.0,HOURLY
미나르숲:망가진 용의 둥지,2026-01-09T06:00:00,2026-01-09,06:00,금,0.0,0.0,HOURLY
미나르숲:망가진 용의 둥지,2026-01-09T07:00:00,2026-01-09,07:00,금,0.0,0.0,HOURLY
미나르숲:망가진 용의 둥지,2026-01-09T08:00:00,2026-01-09,08:00,금,0.0,0.0,HOURLY
미나르숲:망가진 용의 둥지,2026-01-09T09:00:00,2026-01-09,09:00,금,0.0,0.0,HOURLY
미나르숲:망가진 용의 둥지,2026-01-09T10:00:00,2026-01-09,10:00,금,0.0,0.0,HOURLY
미나르숲:망가진 용의 둥지,2026-01-09T11:00:00,2026-01-09,11:00,금,0.0,0.0,HOURLY
미나르숲:망가진 용의 둥지,2026-01-09T12:00:00,2026-01-09,12:00,금,0.0,0.0,HOURLY
미나르숲:망가진 용의 둥지,2026-01-09T13:00:00,2026-01-09,13:00,금,75000000.0,1.0,HOURLY
미나르숲:망가진 용의 둥지,2026-01-09T14:00:00,2026-01-09,14:00,금,82666666.0,14.0,HOURLY
미나르숲:망가진 용의 둥지,2026-01-09T15:00:00,2026-01-09,15:00,금,75900000.0,10.0,HOURLY
미나르숲:망가진 용의 둥지,2026-01-09T16:00:00,2026-01-09,16:00,금,52518612.0,12.0,HOURLY
미나르숲:망가진 용의 둥지,2026-01-09T17:00:00,2026-01-09,17:00,금,15277777.0,5.0,HOURLY
미나르숲:망가진 용의 둥지,2026-01-09T18:00:00,2026-01-09,18:00,금,73750000.0,4.0,HOURLY
미나르숲:망가진 용의 둥지,2026-01-09T19:00:00,2026-01-09,19:00,금,70428571.0,12.0,HOURLY
미나르숲:망가진 용의 둥지,2026-01-09T20:00:00,2026-01-09,20:00,금,71999999.0,7.0,HOURLY
미나르숲:망가진 용의 둥지,2026-01-09T21:00:00,2026-01-09,21:00,금,66615384.0,14.0,HOURLY
미나르숲:망가진 용의 둥지,2026-01-09T22:00:00,2026-01-09,22:00,금,68000000.0,8.0,HOURLY
미나르숲:망가진 용의 둥지,2026-01-09T23:00:00,2026-01-09,23:00,금,58352036.0,6.0,HOURLY
미나르숲:망가진 용의 둥지,2026-01-10T00:00:00,2026-01-10,00:00,토,49351851.0,6.0,HOURLY
미나르숲:망가진 용의 둥지,2026-01-10T01:00:00,2026-01-10,01:00,토,55247036.0,9.0,HOURLY
미나르숲:망가진 용의 둥지,2026-01-10T02:00:00,2026-01-10,02:00,토,36889235.0,9.0,HOURLY
미나르숲:망가진 용의 둥지,2026-01-10T03:00:00,2026-01-10,03:00,토,40389247.0,9.0,HOURLY
미나르숲:망가진 용의 둥지,2026-01-10T04:00:00,2026-01-10,04:00,토,75666666.0,10.0,HOURLY
미나르숲:망가진 용의 둥지,2026-01-10T05:00:00,2026-01-10,05:00,토,51522372.0,6.0,HOURLY
미나르숲:망가진 용의 둥지,2026-01-10T06:00:00,2026-01-10,06:00,토,62037036.0,3.0,HOURLY
미나르숲:망가진 용의 둥지,2026-01-10T07:00:00,2026-01-10,07:00,토,40205411.0,6.0,HOURLY
미나르숲:망가진 용의 둥지,2026-01-10T08:00:00,2026-01-10,08:00,토,88000000.0,7.0,HOURLY
미나르숲:망가진 용의 둥지,2026-01-10T09:00:00,2026-01-10,09:00,토,57922398.0,8.0,HOURLY
미나르숲:망가진 용의 둥지,2026-01-10T10:00:00,2026-01-10,10:00,토,75834678.0,10.0,HOURLY
미나르숲:망가진 용의 둥지,2026-01-10T11:00:00,2026-01-10,11:00,토,118749999.0,9.0,HOURLY
미나르숲:망가진 용의 둥지,2026-01-10T12:00:00,2026-01-10,12:00,토,128333333.0,7.0,HOURLY
미나르숲:망가진 용의 둥지,2026-01-10T13:00:00,2026-01-10,13:00,토,138333333.0,7.0,HOURLY
미나르숲:망가진 용의 둥지,2026-01-10T14:00:00,2026-01-10,14:00,토,130555555.0,11.0,HOURLY
미나르숲:망가진 용의 둥지,2026-01-10T15:00:00,2026-01-10,15:00,토,124000000.0,8.0,HOURLY
미나르숲:망가진 용의 둥지,2026-01-10T16:00:00,2026-01-10,16:00,토,127777777.0,11.0,HOURLY
미나르숲:망가진 용의 둥지,2026-01-10T17:00:00,2026-01-10,17:00,토,76600222.0,5.0,HOURLY
미나르숲:망가진 용의 둥지,2026-01-10T18:00:00,2026-01-10,18:00,토,119444444.0,12.0,HOURLY
미나르숲:망가진 용의 둥지,2026-01-10T19:00:00,2026-01-10,19:00,토,107777777.0,10.0,HOURLY
미나르숲:망가진 용의 둥지,2026-01-10T20:00:00,2026-01-10,20:00,토,89727272.0,14.0,HOURLY
미나르숲:망가진 용의 둥지,2026-01-10T21:00:00,2026-01-10,21:00,토,96249999.0,10.0,HOURLY
미나르숲:망가진 용의 둥지,2026-01-10T22:00:00,2026-01-10,22:00,토,89899999.0,11.0,HOURLY
미나르숲:망가진 용의 둥지,2026-01-10T23:00:00,2026-01-10,23:00,토,67750743.0,12.0,HOURLY
미나르숲:망가진 용의 둥지,2026-01-11T00:00:00,2026-01-11,00:00,일,78638888.0,11.0,HOURLY
미나르숲:망가진 용의 둥지,2026-01-11T01:00:00,2026-01-11,01:00,일,27207780.0,7.0,HOURLY
미나르숲:망가진 용의 둥지,2026-01-11T02:00:00,2026-01-11,02:00,일,59691618.0,9.0,HOURLY
미나르숲:망가진 용의 둥지,2026-01-11T03:00:00,2026-01-11,03:00,일,44888901.0,9.0,HOURLY
미나르숲:망가진 용의 둥지,2026-01-11T04:00:00,2026-01-11,04:00,일,58022224.0,5.0,HOURLY
미나르숲:망가진 용의 둥지,2026-01-11T05:00:00,2026-01-11,05:00,일,66370370.0,3.0,HOURLY
미나르숲:망가진 용의 둥지,2026-01-11T06:00:00,2026-01-11,06:00,일,40006172.0,2.0,HOURLY
미나르숲:망가진 용의 둥지,2026-01-11T07:00:00,2026-01-11,07:00,일,40500690.0,5.0,HOURLY
미나르숲:망가진 용의 둥지,2026-01-11T08:00:00,2026-01-11,08:00,일,91090909.0,13.0,HOURLY
미나르숲:망가진 용의 둥지,2026-01-11T09:00:00,2026-01-11,09:00,일,94374999.0,8.0,HOURLY
미나르숲:망가진 용의 둥지,2026-01-11T10:00:00,2026-01-11,10:00,일,85000000.0,6.0,HOURLY
미나르숲:망가진 용의 둥지,2026-01-11T11:00:00,2026-01-11,11:00,일,51352057.0,6.0,HOURLY
미나르숲:망가진 용의 둥지,2026-01-11T12:00:00,2026-01-11,12:00,일,77750000.0,6.0,HOURLY
미나르숲:망가진 용의 둥지,2026-01-11T13:00:00,2026-01-11,13:00,일,81142857.0,9.0,HOURLY
미나르숲:망가진 용의 둥지,2026-01-11T14:00:00,2026-01-11,14:00,일,70200000.0,11.0,HOURLY
미나르숲:망가진 용의 둥지,2026-01-11T15:00:00,2026-01-11,15:00,일,66500000.0,9.0,HOURLY
미나르숲:망가진 용의 둥지,2026-01-11T16:00:00,2026-01-11,16:00,일,64600000.0,11.0,HOURLY
미나르숲:망가진 용의 둥지,2026-01-11T17:00:00,2026-01-11,17:00,일,71666666.0,7.0,HOURLY
미나르숲:망가진 용의 둥지,2026-01-11T18:00:00,2026-01-11,18:00,일,66000000.0,9.0,HOURLY
미나르숲:망가진 용의 둥지,2026-01-11T19:00:00,2026-01-11,19:00,일,46791666.0,12.0,HOURLY
미나르숲:망가진 용의 둥지,2026-01-11T20:00:00,2026-01-11,20:00,일,47849999.0,13.0,HOURLY
미나르숲:망가진 용의 둥지,2026-01-11T21:00:00,2026-01-11,21:00,일,44416666.0,17.0,HOURLY
미나르숲:망가진 용의 둥지,2026-01-11T22:00:00,2026-01-11,22:00,일,22667064.0,9.0,HOURLY
미나르숲:망가진 용의 둥지,2026-01-11T23:00:00,2026-01-11,23:00,일,42333333.0,12.0,HOURLY
미나르숲:망가진 용의 둥지,2026-01-12T00:00:00,2026-01-12,00:00,월,26500235.0,10.0,HOURLY
미나르숲:망가진 용의 둥지,2026-01-12T01:00:00,2026-01-12,01:00,월,23847018.0,13.0,HOURLY
미나르숲:망가진 용의 둥지,2026-01-12T02:00:00,2026-01-12,02:00,월,23562499.0,8.0,HOURLY
미나르숲:망가진 용의 둥지,2026-01-12T03:00:00,2026-01-12,03:00,월,30034838.0,9.0,HOURLY
미나르숲:망가진 용의 둥지,2026-01-12T04:00:00,2026-01-12,04:00,월,35428571.0,8.0,HOURLY
미나르숲:망가진 용의 둥지,2026-01-12T05:00:00,2026-01-12,05:00,월,24370369.0,6.0,HOURLY
미나르숲:망가진 용의 둥지,2026-01-12T06:00:00,2026-01-12,06:00,월,672.0,2.0,HOURLY
미나르숲:망가진 용의 둥지,2026-01-12T07:00:00,2026-01-12,07:00,월,26002691.0,5.0,HOURLY
미나르숲:망가진 용의 둥지,2026-01-12T08:00:00,2026-01-12,08:00,월,33545215.0,16.0,HOURLY
미나르숲:망가진 용의 둥지,2026-01-12T09:00:00,2026-01-12,09:00,월,48999999.0,8.0,HOURLY
미나르숲:망가진 용의 둥지,2026-01-12T10:00:00,2026-01-12,10:00,월,37250211.0,10.0,HOURLY
미나르숲:망가진 용의 둥지,2026-01-12T11:00:00,2026-01-12,11:00,월,47571428.0,9.0,HOURLY
미나르숲:망가진 용의 둥지,2026-01-12T12:00:00,2026-01-12,12:00,월,58857142.0,8.0,HOURLY
미나르숲:망가진 용의 둥지,2026-01-12T13:00:00,2026-01-12,13:00,월,63700000.0,11.0,HOURLY
미나르숲:망가진 용의 둥지,2026-01-12T14:00:00,2026-01-12,14:00,월,54200000.0,8.0,HOURLY
미나르숲:망가진 용의 둥지,2026-01-12T15:00:00,2026-01-12,15:00,월,60333333.0,9.0,HOURLY
미나르숲:망가진 용의 둥지,2026-01-12T16:00:00,2026-01-12,16:00,월,60375000.0,10.0,HOURLY
미나르숲:망가진 용의 둥지,2026-01-12T17:00:00,2026-01-12,17:00,월,63857142.0,9.0,HOURLY
미나르숲:망가진 용의 둥지,2026-01-12T18:00:00,2026-01-12,18:00,월,55937500.0,8.0,HOURLY
미나르숲:망가진 용의 둥지,2026-01-12T19:00:00,2026-01-12,19:00,월,54285714.0,9.0,HOURLY
미나르숲:망가진 용의 둥지,2026-01-12T20:00:00,2026-01-12,20:00,월,57181818.0,12.0,HOURLY
미나르숲:망가진 용의 둥지,2026-01-12T21:00:00,2026-01-12,21:00,월,25126249.0,9.0,HOURLY
미나르숲:망가진 용의 둥지,2026-01-12T22:00:00,2026-01-12,22:00,월,20550000.0,13.0,HOURLY
미나르숲:망가진 용의 둥지,2026-01-12T23:00:00,2026-01-12,23:00,월,18357142.0,14.0,HOURLY
미나르숲:망가진 용의 둥지,2026-01-13T00:00:00,2026-01-13,00:00,화,16000000.0,9.0,HOURLY
미나르숲:망가진 용의 둥지,2026-01-13T01:00:00,2026-01-13,01:00,화,6911764.0,20.0,HOURLY
미나르숲:망가진 용의 둥지,2026-01-13T02:00:00,2026-01-13,02:00,화,5566733.0,17.0,HOURLY
미나르숲:망가진 용의 둥지,2026-01-13T03:00:00,2026-01-13,03:00,화,2180000.0,11.0,HOURLY
미나르숲:망가진 용의 둥지,2026-01-13T04:00:00,2026-01-13,04:00,화,8172222.0,9.0,HOURLY
미나르숲:망가진 용의 둥지,2026-01-13T05:00:00,2026-01-13,05:00,화,378714.0,7.0,HOURLY
미나르숲:망가진 용의 둥지,2026-01-13T06:00:00,2026-01-13,06:00,화,337500.0,8.0,HOURLY
미나르숲:망가진 용의 둥지,2026-01-13T07:00:00,2026-01-13,07:00,화,2200000.0,8.0,HOURLY
미나르숲:망가진 용의 둥지,2026-01-13T08:00:00,2026-01-13,08:00,화,1511110.0,11.0,HOURLY
미나르숲:망가진 용의 둥지,2026-01-13T09:00:00,2026-01-13,09:00,화,700000.0,9.0,HOURLY
미나르숲:망가진 용의 둥지,2026-01-13T10:00:00,2026-01-13,10:00,화,999999.0,9.0,HOURLY
미나르숲:망가진 용의 둥지,2026-01-13T11:00:00,2026-01-13,11:00,화,616666.0,10.0,HOURLY
미나르숲:망가진 용의 둥지,2026-01-13T12:00:00,2026-01-13,12:00,화,300000.0,4.0,HOURLY
미나르숲:망가진 용의 둥지,2026-01-13T13:00:00,2026-01-13,13:00,화,0.0,0.0,HOURLY
미나르숲:망가진 용의 둥지,2026-01-13T14:00:00,2026-01-13,14:00,화,65090909.0,26.0,HOURLY
미나르숲:망가진 용의 둥지,2026-01-13T15:00:00,2026-01-13,15:00,화,59749999.0,7.0,HOURLY
미나르숲:망가진 용의 둥지,2026-01-13T16:00:00,2026-01-13,16:00,화,69600000.0,6.0,HOURLY
미나르숲:망가진 용의 둥지,2026-01-13T17:00:00,2026-01-13,17:00,화,52670781.0,3.0,HOURLY
미나르숲:망가진 용의 둥지,2026-01-13T18:00:00,2026-01-13,18:00,화,65400000.0,7.0,HOURLY
미나르숲:망가진 용의 둥지,2026-01-13T19:00:00,2026-01-13,19:00,화,36833351.0,6.0,HOURLY
미나르숲:망가진 용의 둥지,2026-01-13T20:00:00,2026-01-13,20:00,화,48599999.0,5.0,HOURLY
미나르숲:망가진 용의 둥지,2026-01-13T21:00:00,2026-01-13,21:00,화,39400000.0,12.0,HOURLY
미나르숲:망가진 용의 둥지,2026-01-13T22:00:00,2026-01-13,22:00,화,23858174.0,14.0,HOURLY
미나르숲:망가진 용의 둥지,2026-01-13T23:00:00,2026-01-13,23:00,화,26932737.0,14.0,HOURLY
미나르숲:망가진 용의 둥지,2026-01-14T00:00:00,2026-01-14,00:00,수,24701899.0,13.0,HOURLY
미나르숲:망가진 용의 둥지,2026-01-14T01:00:00,2026-01-14,01:00,수,21601963.0,12.0,HOURLY
미나르숲:망가진 용의 둥지,2026-01-14T02:00:00,2026-01-14,02:00,수,31333333.0,6.0,HOURLY
미나르숲:망가진 용의 둥지,2026-01-14T03:00:00,2026-01-14,03:00,수,25400000.0,7.0,HOURLY
미나르숲:망가진 용의 둥지,2026-01-14T04:00:00,2026-01-14,04:00,수,37200000.0,6.0,HOURLY
미나르숲:망가진 용의 둥지,2026-01-14T05:00:00,2026-01-14,05:00,수,30999999.0,7.0,HOURLY
미나르숲:망가진 용의 둥지,2026-01-14T06:00:00,2026-01-14,06:00,수,35166666.0,8.0,HOURLY
미나르숲:망가진 용의 둥지,2026-01-14T07:00:00,2026-01-14,07:00,수,22370370.0,3.0,HOURLY
미나르숲:망가진 용의 둥지,2026-01-14T08:00:00,2026-01-14,08:00,수,34952361.0,16.0,HOURLY
미나르숲:망가진 용의 둥지,2026-01-14T09:00:00,2026-01-14,09:00,수,48166666.0,7.0,HOURLY
미나르숲:망가진 용의 둥지,2026-01-14T10:00:00,2026-01-14,10:00,수,47857142.0,9.0,HOURLY
미나르숲:망가진 용의 둥지,2026-01-14T11:00:00,2026-01-14,11:00,수,48250000.0,11.0,HOURLY
미나르숲:망가진 용의 둥지,2026-01-14T12:00:00,2026-01-14,12:00,수,51000000.0,2.0,HOURLY
미나르숲:망가진 용의 둥지,2026-01-14T13:00:00,2026-01-14,13:00,수,37141918.0,8.0,HOURLY
미나르숲:망가진 용의 둥지,2026-01-14T14:00:00,2026-01-14,14:00,수,60666666.0,5.0,HOURLY
미나르숲:망가진 용의 둥지,2026-01-14T15:00:00,2026-01-14,15:00,수,56199999.0,6.0,HOURLY
미나르숲:망가진 용의 둥지,2026-01-14T16:00:00,2026-01-14,16:00,수,50800000.0,5.0,HOURLY
미나르숲:망가진 용의 둥지,2026-01-14T17:00:00,2026-01-14,17:00,수,49700000.0,10.0,HOURLY
미나르숲:망가진 용의 둥지,2026-01-14T18:00:00,2026-01-14,18:00,수,43444444.0,12.0,HOURLY
미나르숲:망가진 용의 둥지,2026-01-14T19:00:00,2026-01-14,19:00,수,44400000.0,11.0,HOURLY
미나르숲:망가진 용의 둥지,2026-01-14T20:00:00,2026-01-14,20:00,수,29331111.0,10.0,HOURLY
미나르숲:망가진 용의 둥지,2026-01-14T21:00:00,2026-01-14,21:00,수,48500000.0,7.0,HOURLY
미나르숲:망가진 용의 둥지,2026-01-14T22:00:00,2026-01-14,22:00,수,39499999.0,8.0,HOURLY
미나르숲:망가진 용의 둥지,2026-01-14T23:00:00,2026-01-14,23:00,수,39000000.0,4.0,HOURLY
미나르숲:망가진 용의 둥지,2026-01-15T00:00:00,2026-01-15,00:00,목,31750000.0,10.0,HOURLY
미나르숲:망가진 용의 둥지,2026-01-15T01:00:00,2026-01-15,01:00,목,31777777.0,12.0,HOURLY
미나르숲:망가진 용의 둥지,2026-01-15T02:00:00,2026-01-15,02:00,목,33799999.0,7.0,HOURLY
미나르숲:망가진 용의 둥지,2026-01-15T03:00:00,2026-01-15,03:00,목,37500000.0,4.0,HOURLY
미나르숲:망가진 용의 둥지,2026-01-15T04:00:00,2026-01-15,04:00,목,31250000.0,2.0,HOURLY
미나르숲:망가진 용의 둥지,2026-01-15T05:00:00,2026-01-15,05:00,목,21400038.0,5.0,HOURLY
미나르숲:망가진 용의 둥지,2026-01-15T06:00:00,2026-01-15,06:00,목,27000666.0,5.0,HOURLY
미나르숲:망가진 용의 둥지,2026-01-15T07:00:00,2026-01-15,07:00,목,38666666.0,4.0,HOURLY
